{"stats":{"minecraft:mined":{"minecraft:grass":5,"minecraft:grass_block":3,"minecraft:fern":1},"minecraft:custom":{"minecraft:jump":15,"minecraft:time_since_rest":1622,"minecraft:leave_game":2,"minecraft:play_time":1622,"minecraft:sprint_one_cm":2608,"minecraft:time_since_death":1622,"minecraft:walk_one_cm":2486,"minecraft:total_world_time":1622,"minecraft:fall_one_cm":476,"minecraft:fly_one_cm":3604},"minecraft:used":{"minecraft:dirt":3},"minecraft:picked_up":{"minecraft:dirt":3}},"DataVersion":3465}