{"stats":{"minecraft:crafted":{"minecraft:wooden_sword":1,"minecraft:crafting_table":1,"minecraft:stick":8,"minecraft:wooden_pickaxe":1,"minecraft:stone_pickaxe":1,"minecraft:wooden_axe":1,"minecraft:stone_sword":1,"minecraft:jungle_planks":16},"minecraft:killed":{"minecraft:zombie":2,"minecraft:pig":1,"alexsmobs:toucan":1,"minecraft:chicken":1},"minecraft:killed_by":{"minecraft:husk":1,"minecraft:skeleton":1,"minecraft:zombie":1},"minecraft:custom":{"minecraft:time_since_rest":577,"minecraft:sprint_one_cm":58693,"minecraft:damage_taken":1175,"minecraft:walk_one_cm":35111,"minecraft:mob_kills":5,"minecraft:drop":3,"minecraft:damage_dealt":1286,"minecraft:swim_one_cm":6888,"minecraft:interact_with_crafting_table":3,"minecraft:fly_one_cm":62237,"minecraft:crouch_one_cm":32,"minecraft:play_time":19496,"minecraft:deaths":4,"minecraft:sneak_time":48,"minecraft:walk_under_water_one_cm":341,"minecraft:jump":355,"minecraft:leave_game":3,"minecraft:walk_on_water_one_cm":2781,"minecraft:time_since_death":471,"minecraft:climb_one_cm":6513,"minecraft:total_world_time":19496,"minecraft:fall_one_cm":10544},"minecraft:picked_up":{"minecraft:wooden_axe":1,"minecraft:cocoa_beans":6,"minecraft:feather":3,"minecraft:chicken":2,"minecraft:pumpkin":4,"minecraft:jungle_log":6,"minecraft:wooden_pickaxe":1,"minecraft:porkchop":2,"alexsmobs:animal_dictionary":1,"minecraft:dirt":39,"minecraft:rotten_flesh":4,"minecraft:bamboo":10,"minecraft:melon_slice":34,"minecraft:sugar_cane":3,"minecraft:cobblestone":33,"minecraft:egg":4},"minecraft:used":{"minecraft:wooden_axe":11,"minecraft:stone_sword":15,"minecraft:melon_slice":10,"minecraft:wooden_pickaxe":20,"minecraft:sugar_cane":3,"minecraft:dirt":5,"minecraft:crafting_table":1},"minecraft:mined":{"minecraft:jungle_leaves":2,"minecraft:pumpkin":2,"minecraft:grass":5,"minecraft:grass_block":2,"minecraft:melon":7,"minecraft:cocoa":1,"minecraft:vine":1,"minecraft:jungle_log":6,"minecraft:dirt":20,"minecraft:bamboo":1,"minecraft:stone":19,"minecraft:sugar_cane":1,"minecraft:oak_leaves":9,"minecraft:fern":1},"minecraft:dropped":{"minecraft:wooden_sword":1,"minecraft:wooden_pickaxe":2}},"DataVersion":3465}