{"stats":{"minecraft:crafted":{"minecraft:wooden_sword":1,"minecraft:crafting_table":1,"minecraft:stick":8,"minecraft:wooden_pickaxe":1,"minecraft:jungle_planks":16,"minecraft:wooden_axe":1},"minecraft:killed_by":{"minecraft:zombie":1},"minecraft:custom":{"minecraft:time_since_rest":6163,"minecraft:sprint_one_cm":14566,"minecraft:play_time":10218,"minecraft:deaths":2,"minecraft:damage_taken":530,"minecraft:walk_one_cm":21072,"minecraft:walk_under_water_one_cm":114,"minecraft:jump":107,"minecraft:damage_dealt":500,"minecraft:leave_game":2,"minecraft:walk_on_water_one_cm":137,"minecraft:time_since_death":6106,"minecraft:climb_one_cm":586,"minecraft:total_world_time":10218,"minecraft:interact_with_crafting_table":2,"minecraft:swim_one_cm":2392,"minecraft:fall_one_cm":2343,"minecraft:fly_one_cm":16791},"minecraft:picked_up":{"minecraft:jungle_log":4,"minecraft:bamboo":10,"minecraft:cobblestone":1,"minecraft:dirt":21,"alexsmobs:animal_dictionary":1,"minecraft:egg":1},"minecraft:used":{"minecraft:crafting_table":1,"minecraft:wooden_pickaxe":2},"minecraft:mined":{"minecraft:grass":3,"minecraft:grass_block":2,"minecraft:jungle_log":4,"minecraft:dirt":19,"minecraft:jungle_leaves":2,"minecraft:bamboo":1,"minecraft:stone":2,"minecraft:oak_leaves":9}},"DataVersion":3465}