{"stats":{"minecraft:killed_by":{"minecraft:zombie":1},"minecraft:custom":{"minecraft:jump":96,"minecraft:time_since_rest":1957,"minecraft:leave_game":1,"minecraft:damage_dealt":500,"minecraft:walk_on_water_one_cm":137,"minecraft:deaths":2,"minecraft:sprint_one_cm":11562,"minecraft:play_time":6012,"minecraft:damage_taken":530,"minecraft:time_since_death":1900,"minecraft:walk_one_cm":16686,"minecraft:climb_one_cm":482,"minecraft:total_world_time":6012,"minecraft:walk_under_water_one_cm":114,"minecraft:swim_one_cm":2392,"minecraft:fall_one_cm":1925,"minecraft:fly_one_cm":14625},"minecraft:picked_up":{"minecraft:bamboo":10,"alexsmobs:animal_dictionary":1},"minecraft:mined":{"minecraft:bamboo":1,"minecraft:oak_leaves":1}},"DataVersion":3465}